{
  "n_simulations": 20000,
  "mean": 2201.5792012077964,
  "median": 2121.209983941815,
  "std": 563.7798312394491,
  "percentiles": {
    "5": 1435.440613405576,
    "10": 1564.8667211273273,
    "25": 1808.460711162707,
    "50": 2121.209983941815,
    "75": 2511.4517514472773,
    "90": 2923.0860048789496,
    "95": 3226.072765263573
  },
  "prob_above_cmp": 0.1095,
  "cmp": 2886.0,
  "driver_sensitivity": {
    "WACC": -0.54603449880579,
    "Terminal growth (g)": 0.4212711710596381,
    "Avg revenue growth (FY27-31)": 0.4177438654543505,
    "Avg EBITDA margin (FY27-31)": 0.2523557892568554,
    "Avg Capex % (FY27-31)": -0.1582833953310292,
    "Avg \u0394NWC % (FY27-31)": -0.06429824646133774
  }
}